{"cameraMode":{"drawMode":0,"name":"Shaded","section":"Shading Mode"},"sceneLighting":false,"audioPlay":false,"sceneViewState":{"m_AlwaysRefresh":false,"showFog":true,"showSkybox":false,"showFlares":true,"showImageEffects":true,"showParticleSystems":true,"showVisualEffectGraphs":true,"m_FxEnabled":true},"in2DMode":false,"pivot":{"x":-31.899877548217775,"y":0.00006103515625,"z":13.129999160766602},"rotation":{"x":0.2609367072582245,"y":0.007240086793899536,"z":-0.001957062166184187,"w":0.965326726436615},"size":0.8660253882408142,"orthographic":true}