{"cameraMode":{"drawMode":0,"name":"Shaded","section":"Shading Mode"},"sceneLighting":false,"audioPlay":false,"sceneViewState":{"m_AlwaysRefresh":false,"showFog":true,"showSkybox":false,"showFlares":true,"showImageEffects":true,"showParticleSystems":true,"showVisualEffectGraphs":true,"m_FxEnabled":true},"in2DMode":false,"pivot":{"x":0.5738482475280762,"y":0.10536956787109375,"z":2.4120068550109865},"rotation":{"x":0.4420258402824402,"y":0.1729838103055954,"z":-0.08730442076921463,"w":0.8758240342140198},"size":19.081817626953126,"orthographic":true}