{"cameraMode":{"drawMode":0,"name":"Shaded","section":"Shading Mode"},"sceneLighting":false,"audioPlay":false,"sceneViewState":{"m_AlwaysRefresh":false,"showFog":true,"showSkybox":false,"showFlares":true,"showImageEffects":true,"showParticleSystems":true,"showVisualEffectGraphs":true,"m_FxEnabled":true},"in2DMode":false,"pivot":{"x":7.841875076293945,"y":6.784648895263672,"z":0.28589630126953127},"rotation":{"x":0.27359598875045779,"y":0.04902762547135353,"z":-0.013965507037937642,"w":0.9604930877685547},"size":40.27009582519531,"orthographic":true}