{"cameraMode":{"drawMode":0,"name":"Shaded","section":"Shading Mode"},"sceneLighting":true,"audioPlay":false,"sceneViewState":{"m_AlwaysRefresh":false,"showFog":true,"showSkybox":true,"showFlares":true,"showImageEffects":true,"showParticleSystems":true,"showVisualEffectGraphs":true,"m_FxEnabled":true},"in2DMode":false,"pivot":{"x":137.70443725585938,"y":58.568641662597659,"z":-146.04873657226563},"rotation":{"x":0.4018586575984955,"y":-0.21220417320728303,"z":0.09629911929368973,"w":0.8855658769607544},"size":90.21858978271485,"orthographic":true}