{"cameraMode":{"drawMode":0,"name":"Shaded","section":"Shading Mode"},"sceneLighting":false,"audioPlay":false,"sceneViewState":{"m_AlwaysRefresh":false,"showFog":true,"showSkybox":false,"showFlares":true,"showImageEffects":true,"showParticleSystems":true,"showVisualEffectGraphs":true,"m_FxEnabled":true},"in2DMode":false,"pivot":{"x":-38.4409065246582,"y":26.261585235595704,"z":17.82477569580078},"rotation":{"x":-0.09733618050813675,"y":0.014024822972714901,"z":-0.0013734395615756512,"w":-0.9951559901237488},"size":29.579519271850587,"orthographic":true}