{"cameraMode":{"drawMode":0,"name":"Shaded","section":"Shading Mode"},"sceneLighting":true,"audioPlay":false,"sceneViewState":{"m_AlwaysRefresh":false,"showFog":true,"showSkybox":true,"showFlares":true,"showImageEffects":true,"showParticleSystems":true,"showVisualEffectGraphs":true,"m_FxEnabled":true},"in2DMode":false,"pivot":{"x":910.0869750976563,"y":-350.91778564453127,"z":-4.354971408843994},"rotation":{"x":0.025471419095993043,"y":0.044970180839300159,"z":-0.0011469884775578976,"w":0.9986627697944641},"size":583.149658203125,"orthographic":false}